Timestamp,Engagement
2023-02-15 18:22:58,-0.0072137184459442946
2023-02-15 18:22:59,0.01711815205155932
2023-02-15 18:23:00,0.03271652594221525
2023-02-15 18:23:01,0.025290630331146653
2023-02-15 18:23:02,0.034698585466215834
2023-02-15 18:23:03,0.03910154014309732
2023-02-15 18:23:04,0.06030895625083426
2023-02-15 18:23:05,0.049042656022693726
2023-02-15 18:23:06,0.06434211783071105
2023-02-15 18:23:07,0.0725658657973491
2023-02-15 18:23:08,0.07454313726382823
2023-02-15 18:23:09,0.06900845880276457
2023-02-15 18:23:10,0.09973416840640824
2023-02-15 18:23:11,0.10513422275199143
2023-02-15 18:23:12,0.11469767448976377
2023-02-15 18:23:13,0.10944993139250363
2023-02-15 18:23:14,0.12034025032571377
2023-02-15 18:23:15,0.12360442382313727
2023-02-15 18:23:16,0.13985695343839935
2023-02-15 18:23:17,0.1393425178386727
2023-02-15 18:23:18,0.14539320489651192
2023-02-15 18:23:19,0.16202374794064459
2023-02-15 18:23:20,0.16479380669463248
2023-02-15 18:23:21,0.1729222492729267
2023-02-15 18:23:22,0.16095001808183093
2023-02-15 18:23:23,0.18976208698540914
2023-02-15 18:23:24,0.2001588697649614
2023-02-15 18:23:25,0.1970254078737953
2023-02-15 18:23:26,0.21742734146520695
2023-02-15 18:23:27,0.22730503974955432
2023-02-15 18:23:28,0.21463644087479122
2023-02-15 18:23:29,0.24216963448172704
2023-02-15 18:23:30,0.230153808767251
2023-02-15 18:23:31,0.2316376014088952
2023-02-15 18:23:32,0.24875456928977205
2023-02-15 18:23:33,0.25214431652262675
2023-02-15 18:23:34,0.2533369018575628
2023-02-15 18:23:35,0.25670090397342826
2023-02-15 18:23:36,0.257387412489743
2023-02-15 18:23:37,0.2805226843874457
2023-02-15 18:23:38,0.2785784116142753
2023-02-15 18:23:39,0.2749229584440846
2023-02-15 18:23:40,0.3070381670446837
2023-02-15 18:23:41,0.2982302205067516
2023-02-15 18:23:42,0.30314413652344635
2023-02-15 18:23:43,0.30334357695884845
2023-02-15 18:23:44,0.31727784038073775
2023-02-15 18:23:45,0.31922725317805045
2023-02-15 18:23:46,0.3249600102589303
2023-02-15 18:23:47,0.3331372347290767
2023-02-15 18:23:48,0.3511175684438855
2023-02-15 18:23:49,0.3463284923113272
2023-02-15 18:23:50,0.35549808853684606
2023-02-15 18:23:51,0.34002365045675675
2023-02-15 18:23:52,0.37146569686002323
2023-02-15 18:23:53,0.3697055766655621
2023-02-15 18:23:54,0.3813875248737248
2023-02-15 18:23:55,0.3831809908183957
2023-02-15 18:23:56,0.38744777500546596
2023-02-15 18:23:57,0.374836348179581
2023-02-15 18:23:58,0.3914677512566717
2023-02-15 18:23:59,0.4002161324893978
2023-02-15 18:24:00,0.3984746318285161
2023-02-15 18:24:01,0.3949624159571635
2023-02-15 18:24:02,0.4186164457811884
2023-02-15 18:24:03,0.4063773650123959
2023-02-15 18:24:04,0.4159329343197349
2023-02-15 18:24:05,0.4282257831614336
2023-02-15 18:24:06,0.42667258112462547
2023-02-15 18:24:07,0.40752274951817596
2023-02-15 18:24:08,0.4413872945526994
2023-02-15 18:24:09,0.428522836527577
2023-02-15 18:24:10,0.4387860507085734
2023-02-15 18:24:11,0.4418577256045787
2023-02-15 18:24:12,0.46459271026652543
2023-02-15 18:24:13,0.45526120822724253
2023-02-15 18:24:14,0.43769636040545484
2023-02-15 18:24:15,0.45584789929478514
2023-02-15 18:24:16,0.4585931887251302
2023-02-15 18:24:17,0.4721125069644066
2023-02-15 18:24:18,0.46599111836811785
2023-02-15 18:24:19,0.471173221864169
2023-02-15 18:24:20,0.4694928500828477
2023-02-15 18:24:21,0.48189488163845895
2023-02-15 18:24:22,0.4802834235047746
2023-02-15 18:24:23,0.47401008396947936
2023-02-15 18:24:24,0.46769422820296414
2023-02-15 18:24:25,0.48017156609094336
2023-02-15 18:24:26,0.4856767861965646
2023-02-15 18:24:27,0.49681135985171154
2023-02-15 18:24:28,0.49977763916238405
2023-02-15 18:24:29,0.48405200987941843
2023-02-15 18:24:30,0.49074622085994674
2023-02-15 18:24:31,0.4940360601695709
2023-02-15 18:24:32,0.4895083923167549
2023-02-15 18:24:33,0.49730947530220987
2023-02-15 18:24:34,0.5027450466640028
2023-02-15 18:24:35,0.4892408929023965
2023-02-15 18:24:36,0.5034395244150435
2023-02-15 18:24:37,0.4998605051563285
2023-02-15 18:24:38,0.476949032325162
2023-02-15 18:24:39,0.5045935033673756
2023-02-15 18:24:40,0.4941863223429425
2023-02-15 18:24:41,0.5052359244419901
2023-02-15 18:24:42,0.5017082171560341
2023-02-15 18:24:43,0.5076081931095009
2023-02-15 18:24:44,0.5073311257995297
2023-02-15 18:24:45,0.4981950970342018
2023-02-15 18:24:46,0.46873983527969415
2023-02-15 18:24:47,0.4804573636310379
2023-02-15 18:24:48,0.49874503115888924
2023-02-15 18:24:49,0.5102462575502292
2023-02-15 18:24:50,0.5083311149347993
2023-02-15 18:24:51,0.5002518549648215
2023-02-15 18:24:52,0.5035113055234449
2023-02-15 18:24:53,0.5215988344284479
2023-02-15 18:24:54,0.5124761589204049
2023-02-15 18:24:55,0.4876144748554667
2023-02-15 18:24:56,0.49275942526327643
2023-02-15 18:24:57,0.49211070174531585
2023-02-15 18:24:58,0.4872236072971085
2023-02-15 18:24:59,0.4792789964691996
2023-02-15 18:25:00,0.4781650146668544
2023-02-15 18:25:01,0.48308622277098656
2023-02-15 18:25:02,0.48656694920778487
2023-02-15 18:25:03,0.4885842594097126
2023-02-15 18:25:04,0.46572996126674426
2023-02-15 18:25:05,0.4684332422961639
2023-02-15 18:25:06,0.4664896359582718
2023-02-15 18:25:07,0.4740955766891332
2023-02-15 18:25:08,0.4599908838243293
2023-02-15 18:25:09,0.470132453994582
2023-02-15 18:25:10,0.45069189797669656
2023-02-15 18:25:11,0.4649574095660789
2023-02-15 18:25:12,0.4396374499426566
2023-02-15 18:25:13,0.4685491589202341
2023-02-15 18:25:14,0.4295162928549543
2023-02-15 18:25:15,0.4477314911719369
2023-02-15 18:25:16,0.4463350812408752
2023-02-15 18:25:17,0.45206293969041395
2023-02-15 18:25:18,0.4368812437678099
2023-02-15 18:25:19,0.43330472486470456
2023-02-15 18:25:20,0.41148203974534525
2023-02-15 18:25:21,0.40836176294767346
2023-02-15 18:25:22,0.4172274574127615
2023-02-15 18:25:23,0.4085762798023962
2023-02-15 18:25:24,0.4075416830193921
2023-02-15 18:25:25,0.4005340225914694
2023-02-15 18:25:26,0.40992877370866754
2023-02-15 18:25:27,0.3910290413822298
2023-02-15 18:25:28,0.37223595129325915
2023-02-15 18:25:29,0.3913856926422307
2023-02-15 18:25:30,0.39760964408294525
2023-02-15 18:25:31,0.37734592557751967
2023-02-15 18:25:32,0.3925120548489538
2023-02-15 18:25:33,0.38629675863099516
2023-02-15 18:25:34,0.3660242387757553
2023-02-15 18:25:35,0.3733002241955861
2023-02-15 18:25:36,0.34996765616765607
2023-02-15 18:25:37,0.34172561853501315
2023-02-15 18:25:38,0.34713854811405026
2023-02-15 18:25:39,0.33734637867917827
2023-02-15 18:25:40,0.32685674803497416
2023-02-15 18:25:41,0.3379278860776683
2023-02-15 18:25:42,0.31533814771941343
2023-02-15 18:25:43,0.32772500774534796
2023-02-15 18:25:44,0.30365245048341816
2023-02-15 18:25:45,0.29575826374920894
2023-02-15 18:25:46,0.3003047225318961
2023-02-15 18:25:47,0.2925552532786967
2023-02-15 18:25:48,0.29712224809823584
2023-02-15 18:25:49,0.28010031742131625
2023-02-15 18:25:50,0.2698814105071464
2023-02-15 18:25:51,0.27507575837838805
2023-02-15 18:25:52,0.25597050503837065
2023-02-15 18:25:53,0.270935022383421
2023-02-15 18:25:54,0.24626908420552113
2023-02-15 18:25:55,0.2301816440207163
2023-02-15 18:25:56,0.23491394164243903
2023-02-15 18:25:57,0.21022891796486576
2023-02-15 18:25:58,0.21470971846547643
2023-02-15 18:25:59,0.2158680652656216
2023-02-15 18:26:00,0.21631437736730705
2023-02-15 18:26:01,0.20155540839773636
2023-02-15 18:26:02,0.19559112983313554
2023-02-15 18:26:03,0.21033058747602024
2023-02-15 18:26:04,0.1792514951888543
2023-02-15 18:26:05,0.1878209250226087
2023-02-15 18:26:06,0.18103433780208386
2023-02-15 18:26:07,0.15936215670592993
2023-02-15 18:26:08,0.13475082903538024
2023-02-15 18:26:09,0.1538762422259158
2023-02-15 18:26:10,0.12993838529901905
2023-02-15 18:26:11,0.135057143133685
2023-02-15 18:26:12,0.11515847538530344
2023-02-15 18:26:13,0.11831019150579934
2023-02-15 18:26:14,0.10964917483928364
2023-02-15 18:26:15,0.08830260942648663
2023-02-15 18:26:16,0.08925369532323336
2023-02-15 18:26:17,0.09457119973207662
2023-02-15 18:26:18,0.0741957540729997
2023-02-15 18:26:19,0.09122715116951971
2023-02-15 18:26:20,0.059618835216903206
2023-02-15 18:26:21,0.05715805972947566
2023-02-15 18:26:22,0.04730221620429298
2023-02-15 18:26:23,0.034009515761893226
2023-02-15 18:26:24,0.05148006797843818
2023-02-15 18:26:25,0.02348599408039208
2023-02-15 18:26:26,0.027148803782344064
2023-02-15 18:26:27,0.009151681415588154
2023-02-15 18:26:28,0.01244428340017009
2023-02-15 18:26:29,-0.011760116400828555
2023-02-15 18:26:30,0.005990323153227593
2023-02-15 18:26:31,-0.02289605210512976
2023-02-15 18:26:32,-0.027780476221740364
2023-02-15 18:26:33,-0.03432949494506785
2023-02-15 18:26:34,-0.0403477060925007
2023-02-15 18:26:35,-0.03678184873403047
2023-02-15 18:26:36,-0.05042743577261861
2023-02-15 18:26:37,-0.0594475531072924
2023-02-15 18:26:38,-0.06274272932842812
2023-02-15 18:26:39,-0.08129780492601552
2023-02-15 18:26:40,-0.06649464841364479
2023-02-15 18:26:41,-0.09374095429187694
2023-02-15 18:26:42,-0.119916837865347
2023-02-15 18:26:43,-0.11309390513609281
2023-02-15 18:26:44,-0.0981060096688644
2023-02-15 18:26:45,-0.12158603156173364
2023-02-15 18:26:46,-0.12860285482971948
2023-02-15 18:26:47,-0.1480040602630396
2023-02-15 18:26:48,-0.14278366624323896
2023-02-15 18:26:49,-0.14565667332270885
2023-02-15 18:26:50,-0.16947180745540408
2023-02-15 18:26:51,-0.17343313025138032
2023-02-15 18:26:52,-0.16809805127006724
2023-02-15 18:26:53,-0.18584871628259295
2023-02-15 18:26:54,-0.1813238958001498
2023-02-15 18:26:55,-0.20716818495519218
2023-02-15 18:26:56,-0.19815259364654939
2023-02-15 18:26:57,-0.21279783321692625
2023-02-15 18:26:58,-0.20685761010960785
2023-02-15 18:26:59,-0.21728700794191624
2023-02-15 18:27:00,-0.2174186936141325
2023-02-15 18:27:01,-0.21627916420343307
2023-02-15 18:27:02,-0.2376322341760364
2023-02-15 18:27:03,-0.24139782508160795
2023-02-15 18:27:04,-0.2619814721614596
2023-02-15 18:27:05,-0.24524452256325244
2023-02-15 18:27:06,-0.26358609237539
2023-02-15 18:27:07,-0.27122169571230803
2023-02-15 18:27:08,-0.27576313749885606
2023-02-15 18:27:09,-0.2783318313397053
2023-02-15 18:27:10,-0.28162097895310967
2023-02-15 18:27:11,-0.2837058468981022
2023-02-15 18:27:12,-0.2805097970781013
2023-02-15 18:27:13,-0.2943235647672079
2023-02-15 18:27:14,-0.30199406728668265
2023-02-15 18:27:15,-0.3065922670719234
2023-02-15 18:27:16,-0.3204045287535941
2023-02-15 18:27:17,-0.3313238661484116
2023-02-15 18:27:18,-0.32751650094353396
2023-02-15 18:27:19,-0.33847037528000246
2023-02-15 18:27:20,-0.3468323895434255
2023-02-15 18:27:21,-0.3526382146987421
2023-02-15 18:27:22,-0.36189021499547674
2023-02-15 18:27:23,-0.37550352117319535
2023-02-15 18:27:24,-0.370741324370066
2023-02-15 18:27:25,-0.37248412430278255
2023-02-15 18:27:26,-0.38545084651664635
2023-02-15 18:27:27,-0.37780006536083205
2023-02-15 18:27:28,-0.3970306522640905
2023-02-15 18:27:29,-0.3969119965035216
2023-02-15 18:27:30,-0.4056506831184938
2023-02-15 18:27:31,-0.3938489204681595
2023-02-15 18:27:32,-0.416668103942626
2023-02-15 18:27:33,-0.3983891580842784
2023-02-15 18:27:34,-0.4121978966226984
2023-02-15 18:27:35,-0.4229386725673663
2023-02-15 18:27:36,-0.41904038459332593
2023-02-15 18:27:37,-0.4230786597311206
2023-02-15 18:27:38,-0.43342973068340646
2023-02-15 18:27:39,-0.423543806803408
2023-02-15 18:27:40,-0.4203021199085727
2023-02-15 18:27:41,-0.44366676715339026
2023-02-15 18:27:42,-0.42625115357734916
2023-02-15 18:27:43,-0.4557051701875795
2023-02-15 18:27:44,-0.4508678835553637
2023-02-15 18:27:45,-0.4457169666299485
2023-02-15 18:27:46,-0.44653564086743
2023-02-15 18:27:47,-0.45078395126881227
2023-02-15 18:27:48,-0.4689659705197353
2023-02-15 18:27:49,-0.46770149261645444
2023-02-15 18:27:50,-0.47866761551079745
2023-02-15 18:27:51,-0.48574292053102897
2023-02-15 18:27:52,-0.45669272590297727
2023-02-15 18:27:53,-0.4706392422511234
2023-02-15 18:27:54,-0.48387549708961686
2023-02-15 18:27:55,-0.4856807051681875
2023-02-15 18:27:56,-0.4661422941148351
2023-02-15 18:27:57,-0.48459877341726065
2023-02-15 18:27:58,-0.4758365314753205
2023-02-15 18:27:59,-0.4895600854242315
2023-02-15 18:28:00,-0.49278049276013064
2023-02-15 18:28:01,-0.4779102975531098
2023-02-15 18:28:02,-0.4924880275571363
2023-02-15 18:28:03,-0.4855039226500056
2023-02-15 18:28:04,-0.5040428213074345
2023-02-15 18:28:05,-0.49597208466874465
2023-02-15 18:28:06,-0.48077236071606316
2023-02-15 18:28:07,-0.48561027026431197
2023-02-15 18:28:08,-0.4961402977749008
2023-02-15 18:28:09,-0.5012787430259286
2023-02-15 18:28:10,-0.4972773334648583
2023-02-15 18:28:11,-0.5042109144066728
2023-02-15 18:28:12,-0.4990084469060836
2023-02-15 18:28:13,-0.5244482084991808
2023-02-15 18:28:14,-0.4961622752952141
2023-02-15 18:28:15,-0.5093680263564476
2023-02-15 18:28:16,-0.4985615382958113
2023-02-15 18:28:17,-0.5096220141245613
2023-02-15 18:28:18,-0.48626520148340524
2023-02-15 18:28:19,-0.500458874349081
2023-02-15 18:28:20,-0.48299697939984
2023-02-15 18:28:21,-0.501921885071901
2023-02-15 18:28:22,-0.5164488793880718
2023-02-15 18:28:23,-0.48161447396797125
2023-02-15 18:28:24,-0.49817994149723316
2023-02-15 18:28:25,-0.48521569071912274
2023-02-15 18:28:26,-0.49407517736478596
2023-02-15 18:28:27,-0.5019009294425147
2023-02-15 18:28:28,-0.49587859092712944
2023-02-15 18:28:29,-0.4846029213207529
2023-02-15 18:28:30,-0.5026251736379578
2023-02-15 18:28:31,-0.4707402814781862
2023-02-15 18:28:32,-0.49844333051835615
2023-02-15 18:28:33,-0.5056147098226714
2023-02-15 18:28:34,-0.49783713954987685
2023-02-15 18:28:35,-0.4843531990692305
2023-02-15 18:28:36,-0.4817854747827236
2023-02-15 18:28:37,-0.4695188509716039
2023-02-15 18:28:38,-0.46431780732190475
2023-02-15 18:28:39,-0.47142509645679753
2023-02-15 18:28:40,-0.47976288956060614
2023-02-15 18:28:41,-0.47043587906313267
2023-02-15 18:28:42,-0.47212569511072466
2023-02-15 18:28:43,-0.451770656146775
2023-02-15 18:28:44,-0.4540984216068505
2023-02-15 18:28:45,-0.4495566971467536
2023-02-15 18:28:46,-0.4362182286040336
2023-02-15 18:28:47,-0.4384113135745579
2023-02-15 18:28:48,-0.43595601135080475
2023-02-15 18:28:49,-0.43110945299539677
2023-02-15 18:28:50,-0.43438648755626647
2023-02-15 18:28:51,-0.43379027228640543
2023-02-15 18:28:52,-0.41978459029265947
2023-02-15 18:28:53,-0.40050417842416763
2023-02-15 18:28:54,-0.4039946890552363
2023-02-15 18:28:55,-0.4199911529150067
2023-02-15 18:28:56,-0.3902509234090554
2023-02-15 18:28:57,-0.39359451028650994
2023-02-15 18:28:58,-0.39648096457995075
2023-02-15 18:28:59,-0.3825316652611372
2023-02-15 18:29:00,-0.39050711655168674
2023-02-15 18:29:01,-0.3847354163828308
2023-02-15 18:29:02,-0.3812492702606532
2023-02-15 18:29:03,-0.3668665183392949
2023-02-15 18:29:04,-0.35824501579427664
2023-02-15 18:29:05,-0.36800735753177094
2023-02-15 18:29:06,-0.356634118223654
2023-02-15 18:29:07,-0.357864582230315
2023-02-15 18:29:08,-0.3551004252562773
2023-02-15 18:29:09,-0.33587491610011344
2023-02-15 18:29:10,-0.3347287984401711
2023-02-15 18:29:11,-0.352850697172648
2023-02-15 18:29:12,-0.32618064542081815
2023-02-15 18:29:13,-0.31575207221091084
2023-02-15 18:29:14,-0.3167964023419828
2023-02-15 18:29:15,-0.3095049797570141
2023-02-15 18:29:16,-0.2994275009232593
2023-02-15 18:29:17,-0.2943491094397197
2023-02-15 18:29:18,-0.2870601634918472
2023-02-15 18:29:19,-0.28271919469882467
2023-02-15 18:29:20,-0.29632349120954127
2023-02-15 18:29:21,-0.2752161459770845
2023-02-15 18:29:22,-0.2559321300089402
2023-02-15 18:29:23,-0.2796664810381199
2023-02-15 18:29:24,-0.2462810842810832
2023-02-15 18:29:25,-0.2597974784308126
2023-02-15 18:29:26,-0.2624357804334046
2023-02-15 18:29:27,-0.24002271061322752
2023-02-15 18:29:28,-0.22418391237465
2023-02-15 18:29:29,-0.23730473677206584
2023-02-15 18:29:30,-0.2212930260020168
2023-02-15 18:29:31,-0.2091542578887706
2023-02-15 18:29:32,-0.19864589615883513
2023-02-15 18:29:33,-0.1961424697243033
2023-02-15 18:29:34,-0.19714151461990073
2023-02-15 18:29:35,-0.18415083985756833
2023-02-15 18:29:36,-0.1698393220749131
2023-02-15 18:29:37,-0.15297174338389072
2023-02-15 18:29:38,-0.16250876311898085
2023-02-15 18:29:39,-0.16175704652727732
2023-02-15 18:29:40,-0.1522794898687168
2023-02-15 18:29:41,-0.13636082704669494
2023-02-15 18:29:42,-0.14189935666878223
2023-02-15 18:29:43,-0.12009740062416466
2023-02-15 18:29:44,-0.1092121736378652
2023-02-15 18:29:45,-0.10492532218798377
2023-02-15 18:29:46,-0.10175677975151336
2023-02-15 18:29:47,-0.07120353703712551
2023-02-15 18:29:48,-0.09376088336418704
2023-02-15 18:29:49,-0.07994295751167425
2023-02-15 18:29:50,-0.067216061333902
2023-02-15 18:29:51,-0.0711781905050038
2023-02-15 18:29:52,-0.05183937499608097
2023-02-15 18:29:53,-0.05240812215169655
2023-02-15 18:29:54,-0.046887214408869664
2023-02-15 18:29:55,-0.0359832873771916
2023-02-15 18:29:56,-0.01198599835865957
2023-02-15 18:29:57,-0.02898168405195126
2023-02-15 18:29:58,-0.007768874500389348
2023-02-15 18:29:59,0.003907749766835355
2023-02-15 18:30:00,0.006978088413946291
2023-02-15 18:30:01,-0.003019163225588236
2023-02-15 18:30:02,0.013666285588662657
2023-02-15 18:30:03,0.003149346015049623
2023-02-15 18:30:04,0.04011115627369981
2023-02-15 18:30:05,0.04687890809961312
2023-02-15 18:30:06,0.04360235030382899
2023-02-15 18:30:07,0.04855725587494118
2023-02-15 18:30:08,0.04869169662875043
2023-02-15 18:30:09,0.06751929401892924
2023-02-15 18:30:10,0.08548773386103978
2023-02-15 18:30:11,0.08737958419444808
2023-02-15 18:30:12,0.07813151331755687
2023-02-15 18:30:13,0.08837539185292155
2023-02-15 18:30:14,0.09490445062152565
2023-02-15 18:30:15,0.11215180387164005
2023-02-15 18:30:16,0.10084693104796826
2023-02-15 18:30:17,0.11841321133247955
2023-02-15 18:30:18,0.1405714400831976
2023-02-15 18:30:19,0.1392397982049722
2023-02-15 18:30:20,0.14223355254835995
2023-02-15 18:30:21,0.16114319027206597
2023-02-15 18:30:22,0.16301540994686728
2023-02-15 18:30:23,0.15843878553689353
2023-02-15 18:30:24,0.17217582628350867
2023-02-15 18:30:25,0.17754567620728517
2023-02-15 18:30:26,0.20224763970353926
2023-02-15 18:30:27,0.18413201907285717
2023-02-15 18:30:28,0.19607428306929808
2023-02-15 18:30:29,0.20326131601631578
2023-02-15 18:30:30,0.2152465913463412
2023-02-15 18:30:31,0.2266970403461443
2023-02-15 18:30:32,0.2308490020868632
2023-02-15 18:30:33,0.24353571054370196
2023-02-15 18:30:34,0.24391225955804358
2023-02-15 18:30:35,0.26052503396004156
2023-02-15 18:30:36,0.2545100432499472
2023-02-15 18:30:37,0.2466898891046901
2023-02-15 18:30:38,0.2628185933617639
2023-02-15 18:30:39,0.2678645088374483
2023-02-15 18:30:40,0.2874368250753232
2023-02-15 18:30:41,0.2846204057673994
2023-02-15 18:30:42,0.2897304223970375
2023-02-15 18:30:43,0.30578832239588494
2023-02-15 18:30:44,0.29493206025609225
2023-02-15 18:30:45,0.30224568280889474
2023-02-15 18:30:46,0.30572011141965266
2023-02-15 18:30:47,0.32218406651971093
2023-02-15 18:30:48,0.3181052168397599
2023-02-15 18:30:49,0.3244100033704135
2023-02-15 18:30:50,0.32508000327147035
2023-02-15 18:30:51,0.3393924188078285
2023-02-15 18:30:52,0.3605005642920676
2023-02-15 18:30:53,0.35608327150152613
2023-02-15 18:30:54,0.36579679054212905
2023-02-15 18:30:55,0.3602848778692637
2023-02-15 18:30:56,0.3710481560689936
2023-02-15 18:30:57,0.3801501292628055
2023-02-15 18:30:58,0.3743255236326186
2023-02-15 18:30:59,0.38276479025437304
2023-02-15 18:31:00,0.3795891763498586
2023-02-15 18:31:01,0.40017425164084913
2023-02-15 18:31:02,0.3964824712738454
2023-02-15 18:31:03,0.40751213698658
2023-02-15 18:31:04,0.4096489039945519
2023-02-15 18:31:05,0.4153874770692234
2023-02-15 18:31:06,0.41847707466511397
2023-02-15 18:31:07,0.4353642576341397
2023-02-15 18:31:08,0.41386116834558284
2023-02-15 18:31:09,0.4304500666294059
2023-02-15 18:31:10,0.44678262747947406
2023-02-15 18:31:11,0.4218402988295392
2023-02-15 18:31:12,0.42754780977864487
2023-02-15 18:31:13,0.4487266798311655
2023-02-15 18:31:14,0.448872747274151
2023-02-15 18:31:15,0.45071897680284306
2023-02-15 18:31:16,0.4448101455732851
2023-02-15 18:31:17,0.4772328907875994
2023-02-15 18:31:18,0.457836041305055
2023-02-15 18:31:19,0.4537590414052553
2023-02-15 18:31:20,0.4606653884807974
2023-02-15 18:31:21,0.4728688124890316
2023-02-15 18:31:22,0.46375208443745664
2023-02-15 18:31:23,0.476576906680411
2023-02-15 18:31:24,0.4713463828095147
2023-02-15 18:31:25,0.46727067774619635
2023-02-15 18:31:26,0.4715004885783828
2023-02-15 18:31:27,0.47927547298683226
2023-02-15 18:31:28,0.4904591934534095
2023-02-15 18:31:29,0.4749805479374712
2023-02-15 18:31:30,0.46770540250946585
2023-02-15 18:31:31,0.48009403333152695
2023-02-15 18:31:32,0.47201857915047163
2023-02-15 18:31:33,0.48867473876993334
2023-02-15 18:31:34,0.4869940874288074
2023-02-15 18:31:35,0.49284352068348697
2023-02-15 18:31:36,0.49873816362048884
2023-02-15 18:31:37,0.49114134476244
2023-02-15 18:31:38,0.49522170209156247
2023-02-15 18:31:39,0.5077711015294255
2023-02-15 18:31:40,0.4915723033798194
2023-02-15 18:31:41,0.4946245402137351
2023-02-15 18:31:42,0.49680259006937144
2023-02-15 18:31:43,0.5023652587943002
2023-02-15 18:31:44,0.5102902361502147
2023-02-15 18:31:45,0.5108732178365591
2023-02-15 18:31:46,0.5178741373886393
2023-02-15 18:31:47,0.5044819767253309
2023-02-15 18:31:48,0.505176760332817
2023-02-15 18:31:49,0.5062771059326345
2023-02-15 18:31:50,0.5083748415697872
2023-02-15 18:31:51,0.505494053511316
2023-02-15 18:31:52,0.49965813492073397
2023-02-15 18:31:53,0.48968566674079306
2023-02-15 18:31:54,0.48254500692759905
2023-02-15 18:31:55,0.48522331260587354
2023-02-15 18:31:56,0.48850688953277166
2023-02-15 18:31:57,0.4999253430200047
2023-02-15 18:31:58,0.487808868040525
2023-02-15 18:31:59,0.5022816927671053
2023-02-15 18:32:00,0.48585951782517234
2023-02-15 18:32:01,0.49235157598018614
2023-02-15 18:32:02,0.488186244058164
2023-02-15 18:32:03,0.4759502636625795
2023-02-15 18:32:04,0.47911644364087996
2023-02-15 18:32:05,0.4920230494199002
2023-02-15 18:32:06,0.4669527895055011
2023-02-15 18:32:07,0.47597128489259044
2023-02-15 18:32:08,0.48758241858951135
2023-02-15 18:32:09,0.47546593279849547
2023-02-15 18:32:10,0.45864777239379634
2023-02-15 18:32:11,0.46310038545502347
2023-02-15 18:32:12,0.4572966240255141
2023-02-15 18:32:13,0.4528437872106169
2023-02-15 18:32:14,0.4618516172369462
2023-02-15 18:32:15,0.4408146871787072
2023-02-15 18:32:16,0.45684167798264164
2023-02-15 18:32:17,0.44707231335050784
2023-02-15 18:32:18,0.4513169035478299
2023-02-15 18:32:19,0.43386698649585187
2023-02-15 18:32:20,0.43953769662640474
2023-02-15 18:32:21,0.45356869539069206
2023-02-15 18:32:22,0.42844342909807803
2023-02-15 18:32:23,0.430584082423287
2023-02-15 18:32:24,0.4350414848888624
2023-02-15 18:32:25,0.42394879911606664
2023-02-15 18:32:26,0.40379372693751253
2023-02-15 18:32:27,0.40933985669087153
2023-02-15 18:32:28,0.4032407040671884
2023-02-15 18:32:29,0.3926683822257974
2023-02-15 18:32:30,0.41284182560632254
2023-02-15 18:32:31,0.4035357052586774
2023-02-15 18:32:32,0.38700888108151177
2023-02-15 18:32:33,0.3894767953864016
2023-02-15 18:32:34,0.38344862405382496
2023-02-15 18:32:35,0.35773839896101217
2023-02-15 18:32:36,0.37215980828027545
2023-02-15 18:32:37,0.37128183467257325
2023-02-15 18:32:38,0.35223962988166474
2023-02-15 18:32:39,0.35866536567116053
2023-02-15 18:32:40,0.34168585068605545
2023-02-15 18:32:41,0.3229041880200375
2023-02-15 18:32:42,0.3174154135061102
2023-02-15 18:32:43,0.3355587936674794
2023-02-15 18:32:44,0.32372802619913504
2023-02-15 18:32:45,0.316221073174863
2023-02-15 18:32:46,0.3013580270562439
2023-02-15 18:32:47,0.3004098003307327
2023-02-15 18:32:48,0.3034457004943797
2023-02-15 18:32:49,0.29425948276060676
2023-02-15 18:32:50,0.28210828598772303
2023-02-15 18:32:51,0.2894863978357357
2023-02-15 18:32:52,0.2710800606725346
2023-02-15 18:32:53,0.2694895140676916
2023-02-15 18:32:54,0.26594569332646206
2023-02-15 18:32:55,0.2666909439410429
2023-02-15 18:32:56,0.2614916609449199
2023-02-15 18:32:57,0.25425902123652977
2023-02-15 18:32:58,0.25190233635140336
2023-02-15 18:32:59,0.23202442606879353
2023-02-15 18:33:00,0.22009663626536072
2023-02-15 18:33:01,0.20463903859261026
2023-02-15 18:33:02,0.2109073409896299
2023-02-15 18:33:03,0.20657367001526739
2023-02-15 18:33:04,0.19585466872513785
2023-02-15 18:33:05,0.1976492807311415
2023-02-15 18:33:06,0.18300711185964713
2023-02-15 18:33:07,0.17042140411161172
2023-02-15 18:33:08,0.17770720633766207
2023-02-15 18:33:09,0.16359101229274103
2023-02-15 18:33:10,0.15836187751358868
2023-02-15 18:33:11,0.14316375680795368
2023-02-15 18:33:12,0.13792981489617903
2023-02-15 18:33:13,0.13471775904582908
2023-02-15 18:33:14,0.13216499065449658
2023-02-15 18:33:15,0.12191884423248314
2023-02-15 18:33:16,0.11665972984380037
2023-02-15 18:33:17,0.10928664871814184
2023-02-15 18:33:18,0.10525964913700106
2023-02-15 18:33:19,0.10493095349603147
2023-02-15 18:33:20,0.06171799124798131
2023-02-15 18:33:21,0.08003953666514634
2023-02-15 18:33:22,0.08036729562354648
2023-02-15 18:33:23,0.059644631476833423
2023-02-15 18:33:24,0.05344059286491169
2023-02-15 18:33:25,0.055458162168887416
2023-02-15 18:33:26,0.03659197781427862
2023-02-15 18:33:27,0.027415330616278055
2023-02-15 18:33:28,0.023186818519428713
2023-02-15 18:33:29,0.030558366500339253
2023-02-15 18:33:30,-0.00020792167306604923
2023-02-15 18:33:31,-0.00841190091002458
2023-02-15 18:33:32,-0.00814762430461783
2023-02-15 18:33:33,-0.024599986452738903
2023-02-15 18:33:34,-0.011956468124572541
2023-02-15 18:33:35,-0.025055036511957802
2023-02-15 18:33:36,-0.04424445381842272
2023-02-15 18:33:37,-0.04649098149409994
2023-02-15 18:33:38,-0.06187809415768745
2023-02-15 18:33:39,-0.058392878509316314
2023-02-15 18:33:40,-0.06681866366986228
2023-02-15 18:33:41,-0.06324793411352224
2023-02-15 18:33:42,-0.069054893373397
2023-02-15 18:33:43,-0.07759862858512019
2023-02-15 18:33:44,-0.09500534791343392
2023-02-15 18:33:45,-0.08446894024082595
2023-02-15 18:33:46,-0.09421137489697508
2023-02-15 18:33:47,-0.11169205459201863
2023-02-15 18:33:48,-0.12931563990212913
2023-02-15 18:33:49,-0.12440026412501688
2023-02-15 18:33:50,-0.1406545733511053
2023-02-15 18:33:51,-0.1372315203812537
2023-02-15 18:33:52,-0.1456348700086367
2023-02-15 18:33:53,-0.13844197276349907
2023-02-15 18:33:54,-0.17302221775915574
2023-02-15 18:33:55,-0.19343129312071375
2023-02-15 18:33:56,-0.17421351642972915
2023-02-15 18:33:57,-0.19239877176221673
2023-02-15 18:33:58,-0.19149266797284917
2023-02-15 18:33:59,-0.18813221926246682
2023-02-15 18:34:00,-0.21883416054434368
2023-02-15 18:34:01,-0.22624142481792078
2023-02-15 18:34:02,-0.21867276517314502
2023-02-15 18:34:03,-0.22944066731777016
2023-02-15 18:34:04,-0.23721421843807114
2023-02-15 18:34:05,-0.24238082883942175
2023-02-15 18:34:06,-0.23823712980126163
2023-02-15 18:34:07,-0.24199175519128133
2023-02-15 18:34:08,-0.25613087638457194
2023-02-15 18:34:09,-0.2689398283773891
2023-02-15 18:34:10,-0.2687832841656003
2023-02-15 18:34:11,-0.27831220221330116
2023-02-15 18:34:12,-0.2901635927247203
2023-02-15 18:34:13,-0.2937634775492652
2023-02-15 18:34:14,-0.280339929240577
2023-02-15 18:34:15,-0.2978500668741818
2023-02-15 18:34:16,-0.31119376403976956
2023-02-15 18:34:17,-0.3239539095925029
2023-02-15 18:34:18,-0.3141461608043675
2023-02-15 18:34:19,-0.3251250363337184
2023-02-15 18:34:20,-0.34458996094797306
2023-02-15 18:34:21,-0.3285506353498392
2023-02-15 18:34:22,-0.3305647615781326
2023-02-15 18:34:23,-0.3540792814997109
2023-02-15 18:34:24,-0.35328489550558256
2023-02-15 18:34:25,-0.3448547688477882
2023-02-15 18:34:26,-0.36740696316419635
2023-02-15 18:34:27,-0.36715747834334633
2023-02-15 18:34:28,-0.3771031092442026
2023-02-15 18:34:29,-0.3799199901917821
2023-02-15 18:34:30,-0.3866773792399284
2023-02-15 18:34:31,-0.39877491028448725
2023-02-15 18:34:32,-0.39817185567496577
2023-02-15 18:34:33,-0.39583397211261134
2023-02-15 18:34:34,-0.4007323688101857
2023-02-15 18:34:35,-0.4085694133695451
2023-02-15 18:34:36,-0.4188007926498436
2023-02-15 18:34:37,-0.4268939783143982
2023-02-15 18:34:38,-0.428465861740336
2023-02-15 18:34:39,-0.4234986841268189
2023-02-15 18:34:40,-0.43873329355665847
2023-02-15 18:34:41,-0.4359593957885856
2023-02-15 18:34:42,-0.4313072206319022
2023-02-15 18:34:43,-0.4298532477748131
2023-02-15 18:34:44,-0.45167537525649704
2023-02-15 18:34:45,-0.4541828349436684
2023-02-15 18:34:46,-0.4409668592200947
2023-02-15 18:34:47,-0.46323891359546837
2023-02-15 18:34:48,-0.44546258682962087
2023-02-15 18:34:49,-0.45792014694926325
2023-02-15 18:34:50,-0.4522341705459276
2023-02-15 18:34:51,-0.46739708387235335
2023-02-15 18:34:52,-0.4710642468310944
2023-02-15 18:34:53,-0.4602882804548215
2023-02-15 18:34:54,-0.4807536574234483
2023-02-15 18:34:55,-0.47298388754048415
2023-02-15 18:34:56,-0.46585093816890677
2023-02-15 18:34:57,-0.4653861160014019
2023-02-15 18:34:58,-0.4789135252693237
2023-02-15 18:34:59,-0.47722828464056605
2023-02-15 18:35:00,-0.4902015541123635
2023-02-15 18:35:01,-0.4792275273796753
2023-02-15 18:35:02,-0.48014642080929476
2023-02-15 18:35:03,-0.4862449714964902
2023-02-15 18:35:04,-0.4817893339148857
2023-02-15 18:35:05,-0.49610252614098777
2023-02-15 18:35:06,-0.49644511774129807
2023-02-15 18:35:07,-0.4881343054650805
2023-02-15 18:35:08,-0.4895515353290618
2023-02-15 18:35:09,-0.4824421604194869
2023-02-15 18:35:10,-0.4998111731736366
2023-02-15 18:35:11,-0.5110271598075071
2023-02-15 18:35:12,-0.5092852500051687
2023-02-15 18:35:13,-0.5134320142240407
2023-02-15 18:35:14,-0.4890593980343096
2023-02-15 18:35:15,-0.4896785239984269
2023-02-15 18:35:16,-0.5039552817645947
2023-02-15 18:35:17,-0.49282080926568955
2023-02-15 18:35:18,-0.5073742890509076
2023-02-15 18:35:19,-0.5100010433545598
2023-02-15 18:35:20,-0.5060940799835142
2023-02-15 18:35:21,-0.5020479906480735
2023-02-15 18:35:22,-0.49461214396773207
2023-02-15 18:35:23,-0.5063522292064367
2023-02-15 18:35:24,-0.49181124341124904
2023-02-15 18:35:25,-0.50282655451906
2023-02-15 18:35:26,-0.4850339067802424
2023-02-15 18:35:27,-0.48206535528912925
2023-02-15 18:35:28,-0.4920827435094353
2023-02-15 18:35:29,-0.5087919730668952
2023-02-15 18:35:30,-0.4941566310720501
2023-02-15 18:35:31,-0.4936682755486926
2023-02-15 18:35:32,-0.49133074890322803
2023-02-15 18:35:33,-0.4922170153424029
2023-02-15 18:35:34,-0.47112217103527576
2023-02-15 18:35:35,-0.49985599509110473
2023-02-15 18:35:36,-0.48339719057222746
2023-02-15 18:35:37,-0.4740057603729876
2023-02-15 18:35:38,-0.47919616129169407
2023-02-15 18:35:39,-0.4644029517855262
2023-02-15 18:35:40,-0.4664646962021742
2023-02-15 18:35:41,-0.4550607664513476
2023-02-15 18:35:42,-0.47185324886019325
2023-02-15 18:35:43,-0.4676224338946565
2023-02-15 18:35:44,-0.4714507933627808
2023-02-15 18:35:45,-0.45322762866979477
2023-02-15 18:35:46,-0.46379050557406015
2023-02-15 18:35:47,-0.4534635108901339
2023-02-15 18:35:48,-0.45383773535625455
2023-02-15 18:35:49,-0.44412717530332796
2023-02-15 18:35:50,-0.4380721441692313
2023-02-15 18:35:51,-0.4381109149006772
2023-02-15 18:35:52,-0.4300941749159534
2023-02-15 18:35:53,-0.44171712633348914
2023-02-15 18:35:54,-0.4305952477215016
2023-02-15 18:35:55,-0.4179150637392489
2023-02-15 18:35:56,-0.4190101421911645
2023-02-15 18:35:57,-0.3976097177061765
2023-02-15 18:35:58,-0.3881862003220477
2023-02-15 18:35:59,-0.40721897127112133
2023-02-15 18:36:00,-0.41102298174593976
2023-02-15 18:36:01,-0.3902316814216329
2023-02-15 18:36:02,-0.38548825983210794
2023-02-15 18:36:03,-0.38512908861536166
2023-02-15 18:36:04,-0.3667647931241748
2023-02-15 18:36:05,-0.381636563228292
2023-02-15 18:36:06,-0.36749743084080444
2023-02-15 18:36:07,-0.36573119818171357
2023-02-15 18:36:08,-0.3587546203420176
2023-02-15 18:36:09,-0.3603436573059578
2023-02-15 18:36:10,-0.3537830380919784
2023-02-15 18:36:11,-0.34713120405211567
2023-02-15 18:36:12,-0.3355144713933858
2023-02-15 18:36:13,-0.341119068844602
2023-02-15 18:36:14,-0.34505667445619015
2023-02-15 18:36:15,-0.32317588205835046
2023-02-15 18:36:16,-0.3098741482801604
2023-02-15 18:36:17,-0.29864631425615834
2023-02-15 18:36:18,-0.3064692711643731
2023-02-15 18:36:19,-0.30446855685213436
2023-02-15 18:36:20,-0.30730485222894044
2023-02-15 18:36:21,-0.29616180790252467
2023-02-15 18:36:22,-0.2911697863406382
2023-02-15 18:36:23,-0.27740695372737917
2023-02-15 18:36:24,-0.2599237827072491
2023-02-15 18:36:25,-0.2573103405865302
2023-02-15 18:36:26,-0.24913674988268517
2023-02-15 18:36:27,-0.2473729565433583
2023-02-15 18:36:28,-0.25062792552087376
2023-02-15 18:36:29,-0.2573456746017383
2023-02-15 18:36:30,-0.23627345328343538
2023-02-15 18:36:31,-0.21337861741923322
2023-02-15 18:36:32,-0.22324959281262213
2023-02-15 18:36:33,-0.19977326815434976
2023-02-15 18:36:34,-0.20287386530307547
2023-02-15 18:36:35,-0.20148891604084498
2023-02-15 18:36:36,-0.1791727913733627
2023-02-15 18:36:37,-0.18732675504852941
2023-02-15 18:36:38,-0.17280078676704488
2023-02-15 18:36:39,-0.16098962656832058
2023-02-15 18:36:40,-0.17748122625569976
2023-02-15 18:36:41,-0.16041653276302167
2023-02-15 18:36:42,-0.15541352664805944
2023-02-15 18:36:43,-0.14016788520494575
2023-02-15 18:36:44,-0.14039311938716278
2023-02-15 18:36:45,-0.1297595967125956
2023-02-15 18:36:46,-0.12617436372527555
2023-02-15 18:36:47,-0.1156892583954733
2023-02-15 18:36:48,-0.10876626719953501
2023-02-15 18:36:49,-0.10988784240161105
2023-02-15 18:36:50,-0.08670240238696077
2023-02-15 18:36:51,-0.0854657827289372
2023-02-15 18:36:52,-0.08156053141462187
2023-02-15 18:36:53,-0.05356894824049736
2023-02-15 18:36:54,-0.07156762681498804
2023-02-15 18:36:55,-0.07442936160828444
2023-02-15 18:36:56,-0.054311429878098776
2023-02-15 18:36:57,-0.03695304476915524
2023-02-15 18:36:58,-0.03385598927325273
2023-02-15 18:36:59,-0.026002336373888404
2023-02-15 18:37:00,-0.014747246047921615
2023-02-15 18:37:01,-0.02211352354579258
2023-02-15 18:37:02,-0.008456068091188328
2023-02-15 18:37:03,-0.011692685025234828
2023-02-15 18:37:04,0.016318468135161038
2023-02-15 18:37:05,0.013084823567489278
2023-02-15 18:37:06,0.022593596800015336
2023-02-15 18:37:07,0.03467039594877449
2023-02-15 18:37:08,0.036754436659381634
2023-02-15 18:37:09,0.03072759475010797
2023-02-15 18:37:10,0.04571084184592073
2023-02-15 18:37:11,0.04991321181927986
2023-02-15 18:37:12,0.06372607938730294
2023-02-15 18:37:13,0.07970354554757786
2023-02-15 18:37:14,0.08635735991110947
2023-02-15 18:37:15,0.10259798958707264
2023-02-15 18:37:16,0.10631693694250965
2023-02-15 18:37:17,0.11464576702228031
2023-02-15 18:37:18,0.11006827415539368
2023-02-15 18:37:19,0.13035017551232414
2023-02-15 18:37:20,0.11139041004476077
2023-02-15 18:37:21,0.13561697545413312
2023-02-15 18:37:22,0.1340701420281628
2023-02-15 18:37:23,0.14970740312180533
2023-02-15 18:37:24,0.1451759596651609
2023-02-15 18:37:25,0.18334016914928422
2023-02-15 18:37:26,0.18078420581353155
2023-02-15 18:37:27,0.1725928269174467
2023-02-15 18:37:28,0.17966154859577507
2023-02-15 18:37:29,0.17855121295010346
2023-02-15 18:37:30,0.20460963585632327
2023-02-15 18:37:31,0.2004959844792219
2023-02-15 18:37:32,0.20175468997117157
2023-02-15 18:37:33,0.2174962679769017
2023-02-15 18:37:34,0.22515208661603617
2023-02-15 18:37:35,0.22817872543242954
2023-02-15 18:37:36,0.227729695132776
2023-02-15 18:37:37,0.23936057918435621
2023-02-15 18:37:38,0.2500708910724851
2023-02-15 18:37:39,0.25536138087028465
2023-02-15 18:37:40,0.2750515363242234
2023-02-15 18:37:41,0.2807954356404533
2023-02-15 18:37:42,0.2657497008900339
2023-02-15 18:37:43,0.26970063638058306
2023-02-15 18:37:44,0.28875563033773666
2023-02-15 18:37:45,0.28311135450349595
2023-02-15 18:37:46,0.29413874500867276
2023-02-15 18:37:47,0.2957975726104989
2023-02-15 18:37:48,0.31941531674612184
2023-02-15 18:37:49,0.3166374162698075
2023-02-15 18:37:50,0.3167903612107751
2023-02-15 18:37:51,0.3218233861822811
2023-02-15 18:37:52,0.32782029401856877
2023-02-15 18:37:53,0.34988927476658266
2023-02-15 18:37:54,0.3405103582088632
2023-02-15 18:37:55,0.3499249451675961
2023-02-15 18:37:56,0.35286908395505734
2023-02-15 18:37:57,0.37039023462129894
2023-02-15 18:37:58,0.3632940494723736
2023-02-15 18:37:59,0.3645566497554708
2023-02-15 18:38:00,0.37153645192112045
2023-02-15 18:38:01,0.38419091446387144
2023-02-15 18:38:02,0.388598069576267
2023-02-15 18:38:03,0.3812959230036011
2023-02-15 18:38:04,0.39236917157774787
2023-02-15 18:38:05,0.39327256435870367
2023-02-15 18:38:06,0.39312225991774324
2023-02-15 18:38:07,0.4058358580778725
2023-02-15 18:38:08,0.39914779412578427
2023-02-15 18:38:09,0.42690078559200534
2023-02-15 18:38:10,0.42808859619688244
2023-02-15 18:38:11,0.4355566927719563
2023-02-15 18:38:12,0.43850429969840354
2023-02-15 18:38:13,0.44061649973302175
2023-02-15 18:38:14,0.4302041497426451
2023-02-15 18:38:15,0.4470062278281889
2023-02-15 18:38:16,0.45211614791091215
2023-02-15 18:38:17,0.44742142293729503
2023-02-15 18:38:18,0.45364531083384285
2023-02-15 18:38:19,0.45235060065617866
2023-02-15 18:38:20,0.4516737697617402
2023-02-15 18:38:21,0.46961686295881033
2023-02-15 18:38:22,0.4543733548882004
2023-02-15 18:38:23,0.4745620361920118
2023-02-15 18:38:24,0.4745758157728868
2023-02-15 18:38:25,0.4650644277759863
2023-02-15 18:38:26,0.47030841573760807
2023-02-15 18:38:27,0.47499091717819486
2023-02-15 18:38:28,0.4825325431549377
2023-02-15 18:38:29,0.477123361526898
2023-02-15 18:38:30,0.49051802731962063
2023-02-15 18:38:31,0.48430026417747574
2023-02-15 18:38:32,0.4740919796485364
2023-02-15 18:38:33,0.485890892094746
2023-02-15 18:38:34,0.4994550563893963
2023-02-15 18:38:35,0.49610208524889055
2023-02-15 18:38:36,0.5064344701479103
2023-02-15 18:38:37,0.48495728624733064
2023-02-15 18:38:38,0.495561163539416
2023-02-15 18:38:39,0.4971504383533412
2023-02-15 18:38:40,0.48692249336407734
2023-02-15 18:38:41,0.4911315603745445
2023-02-15 18:38:42,0.5051276529670596
2023-02-15 18:38:43,0.48942366416597877
2023-02-15 18:38:44,0.49588309312294265
2023-02-15 18:38:45,0.5117053854175223
2023-02-15 18:38:46,0.5030221947354458
2023-02-15 18:38:47,0.48485961892199014
2023-02-15 18:38:48,0.5023457235261121
2023-02-15 18:38:49,0.49235832470273555
2023-02-15 18:38:50,0.5176765613007668
2023-02-15 18:38:51,0.5056080020628195
2023-02-15 18:38:52,0.518665528447541
2023-02-15 18:38:53,0.4986497202076993
2023-02-15 18:38:54,0.49853345867739735
2023-02-15 18:38:55,0.5015291290063127
2023-02-15 18:38:56,0.4992376230211348
2023-02-15 18:38:57,0.495720792564174
2023-02-15 18:38:58,0.5033061707091718
2023-02-15 18:38:59,0.4993322874650987
2023-02-15 18:39:00,0.4862476751703389
2023-02-15 18:39:01,0.4916003353454037
2023-02-15 18:39:02,0.4916991980545457
2023-02-15 18:39:03,0.483254413103506
2023-02-15 18:39:04,0.4883886882818739
2023-02-15 18:39:05,0.46994834303855754
2023-02-15 18:39:06,0.47889466948218506
2023-02-15 18:39:07,0.4815837528570589
2023-02-15 18:39:08,0.4914880263201055
2023-02-15 18:39:09,0.4751425788868206
2023-02-15 18:39:10,0.46761370424393667
2023-02-15 18:39:11,0.47778809502795544
2023-02-15 18:39:12,0.4713985183925674
2023-02-15 18:39:13,0.4669883025776632
2023-02-15 18:39:14,0.4587822282027599
2023-02-15 18:39:15,0.47562747880406114
2023-02-15 18:39:16,0.45997588761011615
2023-02-15 18:39:17,0.45500693216550475
2023-02-15 18:39:18,0.4515147971040347
2023-02-15 18:39:19,0.4643354389693588
2023-02-15 18:39:20,0.43649197408538654
2023-02-15 18:39:21,0.4533558152238904
2023-02-15 18:39:22,0.45306254664435747
2023-02-15 18:39:23,0.4381191900228582
2023-02-15 18:39:24,0.41789490418373454
2023-02-15 18:39:25,0.4440431045509843
2023-02-15 18:39:26,0.42104133523628356
2023-02-15 18:39:27,0.40682953665896915
2023-02-15 18:39:28,0.41341553306471257
2023-02-15 18:39:29,0.40355760014715997
2023-02-15 18:39:30,0.393308554765033
2023-02-15 18:39:31,0.4076896442015214
2023-02-15 18:39:32,0.3979135983042334
2023-02-15 18:39:33,0.4137698037807049
2023-02-15 18:39:34,0.39180854291257916
2023-02-15 18:39:35,0.38784029871919495
2023-02-15 18:39:36,0.370653169486678
2023-02-15 18:39:37,0.3673135902495234
2023-02-15 18:39:38,0.36447920779026144
2023-02-15 18:39:39,0.35970323800881887
2023-02-15 18:39:40,0.3583887776184735
2023-02-15 18:39:41,0.3465591190729157
2023-02-15 18:39:42,0.3408578298723231
2023-02-15 18:39:43,0.349188561919057
2023-02-15 18:39:44,0.33493462458540235
2023-02-15 18:39:45,0.33698342986786833
2023-02-15 18:39:46,0.3377141729886883
2023-02-15 18:39:47,0.31712977027973316
2023-02-15 18:39:48,0.33114136692421525
2023-02-15 18:39:49,0.29524795008271487
2023-02-15 18:39:50,0.3042475806715497
2023-02-15 18:39:51,0.2874109942889703
2023-02-15 18:39:52,0.2837604587418445
2023-02-15 18:39:53,0.2889086495797349
2023-02-15 18:39:54,0.2683078724263844
2023-02-15 18:39:55,0.27304412638018444
2023-02-15 18:39:56,0.24917659060060673
2023-02-15 18:39:57,0.2588778230037899
2023-02-15 18:39:58,0.2723930642931702
2023-02-15 18:39:59,0.2424352605071131
2023-02-15 18:40:00,0.24116863696208998
2023-02-15 18:40:01,0.20640098930095827
2023-02-15 18:40:02,0.2402660505398799
2023-02-15 18:40:03,0.22629068338827585
2023-02-15 18:40:04,0.21304782402039368
2023-02-15 18:40:05,0.2059407213427755
2023-02-15 18:40:06,0.17800051036978717
2023-02-15 18:40:07,0.20939025480597456
2023-02-15 18:40:08,0.17976884938065435
2023-02-15 18:40:09,0.19064612371624318
2023-02-15 18:40:10,0.18771455175831922
2023-02-15 18:40:11,0.16418202916302765
2023-02-15 18:40:12,0.1649133156355859
2023-02-15 18:40:13,0.16419156135368082
2023-02-15 18:40:14,0.14047907181102834
2023-02-15 18:40:15,0.14197325279479542
2023-02-15 18:40:16,0.13229773743480458
2023-02-15 18:40:17,0.10691162296661179
2023-02-15 18:40:18,0.11273533143152063
2023-02-15 18:40:19,0.10718118214760163
2023-02-15 18:40:20,0.10756668215967638
2023-02-15 18:40:21,0.09961163375307241
2023-02-15 18:40:22,0.08216730475352037
2023-02-15 18:40:23,0.09072309407970734
2023-02-15 18:40:24,0.05894712535446516
2023-02-15 18:40:25,0.06607402650873467
2023-02-15 18:40:26,0.07304823330536116
2023-02-15 18:40:27,0.05557019300242275
2023-02-15 18:40:28,0.037404527647813435
2023-02-15 18:40:29,0.04836865097660751
2023-02-15 18:40:30,0.036028412263883224
2023-02-15 18:40:31,0.014089774472646867
2023-02-15 18:40:32,0.022975720450869316
2023-02-15 18:40:33,0.007600403698606444
2023-02-15 18:40:34,-0.0009859806680900948
2023-02-15 18:40:35,-0.00599158156013496
2023-02-15 18:40:36,-0.008278436985248763
2023-02-15 18:40:37,-0.027366140708815715
2023-02-15 18:40:38,-0.0408285683571175
2023-02-15 18:40:39,-0.028827191609867086
2023-02-15 18:40:40,-0.0404151775395144
2023-02-15 18:40:41,-0.04209688471667609
2023-02-15 18:40:42,-0.06978580829600901
2023-02-15 18:40:43,-0.06905237268684225
2023-02-15 18:40:44,-0.07286370014632462
2023-02-15 18:40:45,-0.06970875987434857
2023-02-15 18:40:46,-0.0780013168841172
2023-02-15 18:40:47,-0.09901356924171152
2023-02-15 18:40:48,-0.10111415327674664
2023-02-15 18:40:49,-0.11375450759822033
2023-02-15 18:40:50,-0.10956590092557435
2023-02-15 18:40:51,-0.12701693824259103
2023-02-15 18:40:52,-0.1148784386964207
2023-02-15 18:40:53,-0.1188002786282025
2023-02-15 18:40:54,-0.14508967055225705
2023-02-15 18:40:55,-0.15057909203162487
2023-02-15 18:40:56,-0.16933358251444872
2023-02-15 18:40:57,-0.16012292293164007
2023-02-15 18:40:58,-0.17228308201542267
2023-02-15 18:40:59,-0.17755747293413623
2023-02-15 18:41:00,-0.18850514311213437
2023-02-15 18:41:01,-0.20604871415345988
2023-02-15 18:41:02,-0.20307219512347752
2023-02-15 18:41:03,-0.21473160422698226
2023-02-15 18:41:04,-0.20004146632458378
2023-02-15 18:41:05,-0.23250457706661484
2023-02-15 18:41:06,-0.23228087396062297
2023-02-15 18:41:07,-0.2502543688763155
2023-02-15 18:41:08,-0.24286414767166023
2023-02-15 18:41:09,-0.24461497392787376
2023-02-15 18:41:10,-0.24620899636774693
2023-02-15 18:41:11,-0.2679128577683283
2023-02-15 18:41:12,-0.25078269129924835
2023-02-15 18:41:13,-0.25486407274297285
2023-02-15 18:41:14,-0.2860198857352786
2023-02-15 18:41:15,-0.28310303826443783
2023-02-15 18:41:16,-0.2971406256984671
2023-02-15 18:41:17,-0.2931269640878202
2023-02-15 18:41:18,-0.30383272758746677
2023-02-15 18:41:19,-0.3009328364932932
2023-02-15 18:41:20,-0.32011835317681925
2023-02-15 18:41:21,-0.323493585613489
2023-02-15 18:41:22,-0.3181637721851178
2023-02-15 18:41:23,-0.335485167695263
2023-02-15 18:41:24,-0.3429926576799769
2023-02-15 18:41:25,-0.3390656258879156
2023-02-15 18:41:26,-0.3586521146779406
2023-02-15 18:41:27,-0.3578619870939882
2023-02-15 18:41:28,-0.3770043912708572
2023-02-15 18:41:29,-0.36420462836185735
2023-02-15 18:41:30,-0.3795262684884717
2023-02-15 18:41:31,-0.3682255196860578
2023-02-15 18:41:32,-0.3758954519454544
2023-02-15 18:41:33,-0.3881339098339624
2023-02-15 18:41:34,-0.38564331664168905
2023-02-15 18:41:35,-0.38323115577037253
2023-02-15 18:41:36,-0.3962603300881435
2023-02-15 18:41:37,-0.39238045205401273
2023-02-15 18:41:38,-0.431043069883987
2023-02-15 18:41:39,-0.4273701867143422
2023-02-15 18:41:40,-0.4052763673286533
2023-02-15 18:41:41,-0.4235025488849748
2023-02-15 18:41:42,-0.4220873890177783
2023-02-15 18:41:43,-0.42951780838625814
2023-02-15 18:41:44,-0.45640532750815127
2023-02-15 18:41:45,-0.3983116859124142
2023-02-15 18:41:46,-0.44286031135370707
2023-02-15 18:41:47,-0.4705652659635061
2023-02-15 18:41:48,-0.4346781871164908
2023-02-15 18:41:49,-0.4556511847049947
2023-02-15 18:41:50,-0.4598214119984467
2023-02-15 18:41:51,-0.47112221620717903
2023-02-15 18:41:52,-0.45440252073201326
2023-02-15 18:41:53,-0.4617966572258504
2023-02-15 18:41:54,-0.44577173593637104
2023-02-15 18:41:55,-0.46814900862586684
2023-02-15 18:41:56,-0.4686671087406498
2023-02-15 18:41:57,-0.4996905950957712
2023-02-15 18:41:58,-0.4932549589926193
2023-02-15 18:41:59,-0.4661360998108776
2023-02-15 18:42:00,-0.4707730926518327
2023-02-15 18:42:01,-0.4769380363955257
2023-02-15 18:42:02,-0.4804773306388792
2023-02-15 18:42:03,-0.48616849048634486
2023-02-15 18:42:04,-0.473002403577505
2023-02-15 18:42:05,-0.49024654589042616
2023-02-15 18:42:06,-0.4991507389865451
2023-02-15 18:42:07,-0.5029280527332929
2023-02-15 18:42:08,-0.49758625427931946
2023-02-15 18:42:09,-0.506129409470424
2023-02-15 18:42:10,-0.49153960289619975
2023-02-15 18:42:11,-0.4827586531373482
2023-02-15 18:42:12,-0.48278952201716496
2023-02-15 18:42:13,-0.49987773133519403
2023-02-15 18:42:14,-0.5019240630059589
2023-02-15 18:42:15,-0.4899228800254108
2023-02-15 18:42:16,-0.49528912991576574
2023-02-15 18:42:17,-0.5036975623806816
2023-02-15 18:42:18,-0.5008949351666625
2023-02-15 18:42:19,-0.503552555671087
2023-02-15 18:42:20,-0.4891817257589623
2023-02-15 18:42:21,-0.49643859507062044
2023-02-15 18:42:22,-0.49913494684459386
2023-02-15 18:42:23,-0.506432546861857
2023-02-15 18:42:24,-0.49571671178787213
2023-02-15 18:42:25,-0.48686334115360336
2023-02-15 18:42:26,-0.51480543474722
2023-02-15 18:42:27,-0.513273992731885
2023-02-15 18:42:28,-0.48452466601715244
2023-02-15 18:42:29,-0.49735359670600787
2023-02-15 18:42:30,-0.49073820555591335
2023-02-15 18:42:31,-0.5015728866369035
2023-02-15 18:42:32,-0.5165374404507899
2023-02-15 18:42:33,-0.48246195953246757
2023-02-15 18:42:34,-0.4897571812780885
2023-02-15 18:42:35,-0.47512625896476135
2023-02-15 18:42:36,-0.49742624997310786
2023-02-15 18:42:37,-0.4841291347658891
2023-02-15 18:42:38,-0.4735021571150347
2023-02-15 18:42:39,-0.4767386881558657
2023-02-15 18:42:40,-0.48438529521894785
2023-02-15 18:42:41,-0.4622706877867423
2023-02-15 18:42:42,-0.4877988451143277
2023-02-15 18:42:43,-0.46401755964797975
2023-02-15 18:42:44,-0.4719737865374635
2023-02-15 18:42:45,-0.4660391611487827
2023-02-15 18:42:46,-0.4620227078600378
2023-02-15 18:42:47,-0.4636913370528869
2023-02-15 18:42:48,-0.47077847578988574
2023-02-15 18:42:49,-0.454271146876376
2023-02-15 18:42:50,-0.44734206363445955
2023-02-15 18:42:51,-0.43994280218056875
2023-02-15 18:42:52,-0.452012925608891
2023-02-15 18:42:53,-0.4165254273298605
2023-02-15 18:42:54,-0.4376925415209886
2023-02-15 18:42:55,-0.44594331869050663
2023-02-15 18:42:56,-0.4268336692236708
2023-02-15 18:42:57,-0.42422260571401166
2023-02-15 18:42:58,-0.4171818228913768
2023-02-15 18:42:59,-0.40847604161176754
2023-02-15 18:43:00,-0.4234657430461441
2023-02-15 18:43:01,-0.41497922101101614
2023-02-15 18:43:02,-0.4147884000213013
2023-02-15 18:43:03,-0.4007002633692343
2023-02-15 18:43:04,-0.3995123203640802
2023-02-15 18:43:05,-0.37500497170158614
2023-02-15 18:43:06,-0.39129688780807886
2023-02-15 18:43:07,-0.3871146147372741
2023-02-15 18:43:08,-0.3728707664505003
2023-02-15 18:43:09,-0.37191346872523867
2023-02-15 18:43:10,-0.3722763017881965
2023-02-15 18:43:11,-0.36585341401994803
2023-02-15 18:43:12,-0.34956232030106077
2023-02-15 18:43:13,-0.36166315900518664
2023-02-15 18:43:14,-0.3314330662169275
2023-02-15 18:43:15,-0.34203728207595885
2023-02-15 18:43:16,-0.330399048522992
2023-02-15 18:43:17,-0.34432888765777586
2023-02-15 18:43:18,-0.3315956744774208
2023-02-15 18:43:19,-0.33703639871239716
2023-02-15 18:43:20,-0.3275226102791476
2023-02-15 18:43:21,-0.30858101878328054
2023-02-15 18:43:22,-0.31108702779788616
2023-02-15 18:43:23,-0.2939125708538037
2023-02-15 18:43:24,-0.2896144270144879
2023-02-15 18:43:25,-0.26856468565377806
2023-02-15 18:43:26,-0.2810191477361201
2023-02-15 18:43:27,-0.26384359921222794
2023-02-15 18:43:28,-0.25847673687865746
2023-02-15 18:43:29,-0.2619771903879887
2023-02-15 18:43:30,-0.26456916798780633
2023-02-15 18:43:31,-0.24271555255078922
2023-02-15 18:43:32,-0.23044405311123875
2023-02-15 18:43:33,-0.24035409119433618
2023-02-15 18:43:34,-0.22767975439781776
2023-02-15 18:43:35,-0.204831629581116
2023-02-15 18:43:36,-0.22283568953268554
2023-02-15 18:43:37,-0.2190217571467315
2023-02-15 18:43:38,-0.1923800347766839
2023-02-15 18:43:39,-0.1927724844402287
2023-02-15 18:43:40,-0.16498240166918327
2023-02-15 18:43:41,-0.16811329728806415
2023-02-15 18:43:42,-0.17624678184068607
2023-02-15 18:43:43,-0.16312950660843864
2023-02-15 18:43:44,-0.16407062439750306
2023-02-15 18:43:45,-0.14761092943262966
2023-02-15 18:43:46,-0.13189134891489576
2023-02-15 18:43:47,-0.129646655667828
2023-02-15 18:43:48,-0.13371786326940446
2023-02-15 18:43:49,-0.12112736804819474
2023-02-15 18:43:50,-0.1260909408219806
2023-02-15 18:43:51,-0.09800997120241524
2023-02-15 18:43:52,-0.0980598542749172
2023-02-15 18:43:53,-0.08669714108112633
2023-02-15 18:43:54,-0.08482304742237944
2023-02-15 18:43:55,-0.09060067047410826
2023-02-15 18:43:56,-0.08493732104729007
2023-02-15 18:43:57,-0.055529075848015544
2023-02-15 18:43:58,-0.05327699671969847
2023-02-15 18:43:59,-0.030434716973068637
2023-02-15 18:44:00,-0.037802487434781346
2023-02-15 18:44:01,-0.028439402425161728
2023-02-15 18:44:02,-0.03696251072140544
2023-02-15 18:44:03,-0.024017040552806308
2023-02-15 18:44:04,-0.0256185345670581
2023-02-15 18:44:05,-0.004907568809361309
